id,type,title,author_or_org,year,date_published,url,doi,accessed_date,credibility,credibility_reason,chapters,notes
P01,paper,MCUNet: Tiny Deep Learning on IoT Devices,Ji Lin; Wei-Ming Chen; Yujun Lin; John Cohn; Chuang Gan; Song Han,2020,2020,https://papers.neurips.cc/paper_files/paper/2020/hash/86c51678350f656dcc7f490a43946ee5-Abstract.html,,2026-09-30,高,原论文/作者论文页可追溯；下列数值是作者报告而非本调研独立测量。,2;4,官方会议页面：元数据和摘要；未提供DOI；已打开论文页面
P02,paper,"Deep Compression: Compressing Deep Neural Networks with Pruning, Trained Quantization and Huffman Coding",Song Han; Huizi Mao; William J. Dally,2016,2015-10-01（预印本首发）；2016（ICLR）,https://arxiv.org/abs/1510.00149,,2026-09-30,高,原论文/作者论文页可追溯；下列数值是作者报告而非本调研独立测量。,2;4,作者arXiv摘要、版本时间和会议说明；未提供DOI；已打开论文页面
P03,paper,Distilling the Knowledge in a Neural Network,Geoffrey Hinton; Oriol Vinyals; Jeff Dean,2015,2015-03-09（arXiv首发）,https://arxiv.org/abs/1503.02531,,2026-09-30,高,原论文/作者论文页可追溯；下列数值是作者报告而非本调研独立测量。,2;6,作者arXiv摘要与版本元数据；未提供DOI；已打开论文页面
P04,paper,Searching for MobileNetV3,Andrew Howard; Mark Sandler; Grace Chu; Liang-Chieh Chen; Bo Chen; Mingxing Tan; Weijun Wang; Yukun Zhu; Ruoming Pang; Vijay Vasudevan; Quoc V. Le; Hartwig Adam,2019,2019-05-06（arXiv首发）,https://arxiv.org/abs/1905.02244,,2026-09-30,高,原论文/作者论文页可追溯；下列数值是作者报告而非本调研独立测量。,2;4,作者arXiv摘要与作者名单；未提供DOI；已打开论文页面
P05,paper,Emerging Developments in Real-Time Edge AIoT for Agricultural Image Classification,Maurizio Pintus; Felice Colucci; Fabio Maggio,2025,2025-02-10,https://pdfs.semanticscholar.org/ffc7/878f3ecbc8c250462f11130c9b6aca1395e5.pdf,10.3390/iot6010013,2026-09-30,高,原论文/作者论文页可追溯；下列数值是作者报告而非本调研独立测量。,1;2;3;5;6,原版出版PDF全文（镜像托管）；未下载入包；DOI解析已尝试但失败；原版PDF中的DOI和书目信息已核读
P06,paper,"Cloud–edge–device collaborative computing in smart agriculture: architectures, applications, and future perspectives",Pengpeng Yu; Fei Teng; Wenhui Zhu; Chaoping Shen; Zhenping Chen; Jinxiu Song,2025,2025-10-14,https://www.frontiersin.org/journals/plant-science/articles/10.3389/fpls.2025.1668545/full,10.3389/fpls.2025.1668545,2026-09-30,高,原论文/作者论文页可追溯；下列数值是作者报告而非本调研独立测量。,1;2;3;4;5;6,出版社HTML全文、图源与许可；DOI解析已尝试但失败；出版社正文及DOI标识已核读
P07,paper,农业知识智能服务技术综述,赵春江,2023,2023-06-30,https://www.smartag.net.cn/CN/10.12133/j.smartag.SA202306002,10.12133/j.smartag.SA202306002,2026-09-30,高,原论文/作者论文页可追溯；下列数值是作者报告而非本调研独立测量。,1;3;6,期刊官方元数据与摘要；DOI解析成功；DOI解析成功，落到期刊官方页面
P08,paper,用于边缘计算设备的果树挂果量轻量化估测模型,夏雪; 柴秀娟; 张凝; 周硕; 孙琦鑫; 孙坦,2023,2023（卷期）；日级日期未另核,https://www.smartag.net.cn/CN/10.12133/j.smartag.SA202305004,10.12133/j.smartag.SA202305004,2026-09-30,高,原论文/作者论文页可追溯；下列数值是作者报告而非本调研独立测量。,3;4;5,期刊官方页面、摘要实验数据及DOI落地页；DOI解析成功
P09,paper,AI and IoT-powered edge device optimized for crop pest and disease detection,Jean Pierre Nyakuri; Celestin Nkundineza; Omar Gatera; Kizito Nkurikiyeyezu; Gervais Mwitende,2025,2025-07-02,https://www.nature.com/articles/s41598-025-06452-5,10.1038/s41598-025-06452-5,2026-09-30,高,原论文/作者论文页可追溯；下列数值是作者报告而非本调研独立测量。,3;4;5,出版社HTML全文、图1及许可段；DOI解析已尝试但失败；出版社正文及DOI标识已核读
P10,paper,YOLO-PLNet: a lightweight real-time detection model for peanut leaf diseases based on edge deployment,Jinti Sun; Zhihui Feng; Jiaqi Han; Fulei Xu; Hui Zhang; Yufeng Guo,2025,2025-11-18,https://www.frontiersin.org/journals/plant-science/articles/10.3389/fpls.2025.1707501/full,10.3389/fpls.2025.1707501,2026-09-30,中,原论文/作者论文页可追溯；摘要或指标存在待核实问题，不能视为已复现实验。,2;3;4;5,出版社HTML全文，表6/9和图12；量化数据有内部口径疑点；DOI解析已尝试但失败；出版社正文及DOI标识已核读
P11,paper,GAE-YOLO: a lightweight multimodal detection framework for tomato smart agriculture with edge computing,Xiaoke Liu; Wenjie Teng; Haoran Yu; Zhuoyi Yao; Chengzhen Wang; Yuzhong Peng; Xiaoqing Han; Jianming Liu,2025,2025-11-19,https://www.frontiersin.org/journals/plant-science/articles/10.3389/fpls.2025.1712432/full,10.3389/fpls.2025.1712432,2026-09-30,高,原论文/作者论文页可追溯；下列数值是作者报告而非本调研独立测量。,3;4;6,出版社HTML全文、硬件图3、DOI落地页；DOI解析成功
P12,paper,Automated tomato leaf disease detection and alert system using Internet of Things and TinyML,Timothy Malche; Mukesh Joshi; Govind Murari Upadhyay; Pramod Kumar Soni,2026,2025-12-09（在线）；2026（卷期）,https://link.springer.com/article/10.1007/s43926-025-00257-8,10.1007/s43926-025-00257-8,2026-09-30,低,原论文/作者论文页可追溯；摘要或指标存在待核实问题，不能视为已复现实验。,2;3;5,出版社页面全文与摘要；存在直接可见的指标冲突；DOI解析已尝试但失败；出版社正文及DOI标识已核读
P13,paper,"An integrated edge AI prototype for smart agriculture: real-time pest detection, physical trapping, and multi-node deployment analysis under field uncertainty",Kunfu Wang; Shirong Guo; Xinyue Yang; Botao Lin; Weihua Cai; Rui Tang; Jianpu Lin,2026,2026-06（页面日级显示有22/23日差异）,https://www.frontiersin.org/journals/plant-science/articles/10.3389/fpls.2026.1853368/full,10.3389/fpls.2026.1853368,2026-09-30,高,原论文/作者论文页可追溯；下列数值是作者报告而非本调研独立测量。,2;3;4;5,出版社HTML全文、表4脚注、控制测试、图1/2；日级日期不确定而保留月份；DOI解析已尝试但失败；出版社正文及DOI标识已核读
P14,paper,Enabling scalable and energy-efficient weed detection using data-driven edge AI for precision agriculture,Mohamed Abdallah Salem; Ahmed Harb Rabia,2026,2026-05-11,https://www.frontiersin.org/journals/agronomy/articles/10.3389/fagro.2026.1808404/full,10.3389/fagro.2026.1808404,2026-09-30,中,原论文/作者论文页可追溯；摘要或指标存在待核实问题，不能视为已复现实验。,2;3;4;5,出版社HTML全文，部署流程与计时方法；整体时延结论需复核；DOI解析已尝试但失败；出版社正文及DOI标识已核读
P15,paper,Hybrid LSTM-edge correction architecture for physics-informed crop health monitoring in distributed agricultural robotics,Rongchuan Yu; Yongsheng Xie; Rifeng Wang; Wenxin Li,2026,2026-03（页面日级显示有30/31日差异）,https://www.frontiersin.org/journals/agronomy/articles/10.3389/fagro.2026.1764002/full,10.3389/fagro.2026.1764002,2026-09-30,中,原论文/作者论文页可追溯；摘要或指标存在待核实问题，不能视为已复现实验。,2;3;4;5,出版社HTML全文，表1及硬件/通信方法；DOI落地成功；DOI解析成功
R01,report,Worldwide Edge Spending Guide 2024 v1 — public announcement,IDC / Business Wire,2024,2024-03-14,https://www.businesswire.com/news/home/20240314632794/en/New-IDC-Spending-Guide-Forecasts-Edge-Computing-Investments-Will-Reach-$232-Billion-in-2024,,2026-09-30,中,IDC官方新闻稿发布渠道；预测模型与付费明细未公开复核。,1,【机构预测】转引自IDC公开新闻稿，未购阅Spending Guide全文；2024/2027数字仍按该版预测标注。
R02,report,2024年全国农业机械化发展统计公报,农业农村部农业机械化管理司,2025,2025-11-20,https://njhs.moa.gov.cn/nyjxhqk/202511/t20251120_6479055.htm,,2026-09-30,高,一手发布页面已打开核读；可信度不等于独立复现实验。,1;3,【事实】2024年历史统计；页面部分数字有排版空格，仅做去空格规范化。
R03,report,DJI Agriculture's Annual Report Reveals Drone-Powered Farming Revolution at Brazil's Agrishow 2025,DJI 大疆农业,2025,2025-05-06（网页）；2025-04-30（文中发布活动）,https://www.dji.com/media-center/announcements/dji-agricultural-annual-report-2025,,2026-09-30,中,企业原始公开公告；存量为企业估计，非独立全行业普查。,1;3,【厂商宣传口径】转引自大疆年度行业洞察报告公开公告，未下载报告全文；40万是全球DJI农业无人机估计在用量，不是所有品牌。
R04,report,国家统计局关于2025年粮食产量数据的公告,国家统计局,2025,2025-12-12,https://www.stats.gov.cn/sj/zxfb/202512/t20251212_1962049.html,,2026-09-30,高,一手发布页面已打开核读；可信度不等于独立复现实验。,1,【事实】全国31个省区市；正文四舍五入值与表1较精细值并列，不作AI贡献归因。
R05,report,"Technology Use (Farm Computer Usage and Ownership), August 2025",USDA National Agricultural Statistics Service,2025,2025-08-01,https://www.nass.usda.gov/Publications/Todays_Reports/reports/fmpc0825.pdf,,2026-09-30,高,一手发布页面已打开核读；可信度不等于独立复现实验。,1;5,【事实】官方PDF，精准农业表为印刷第12页，已截图核对；精准农业不是AI普及率。未下载入包。
O01,official,LiteRT for Microcontrollers overview,Google,动态文档,未标明固定发布日期,https://developers.google.com/edge/litert/microcontrollers/overview,,2026-09-30,高,企业/项目官方发布已实际核读；商业效果仍需独立验证。,2;4,【事实】已读官方概览；约16 KB是核心运行时量级，不是完整模型、相机缓冲或应用RAM。
O02,official,ONNX Runtime Execution Providers,ONNX Runtime project,动态文档,未标明固定发布日期,https://onnxruntime.ai/docs/execution-providers/,,2026-09-30,高,企业/项目官方发布已实际核读；商业效果仍需独立验证。,2;4,【事实】执行提供程序说明；不能推断任何ONNX图都能全图落到NPU。
O03,official,Working with Quantized Types — TensorRT,NVIDIA,动态文档,未标明固定发布日期,https://docs.nvidia.com/deeplearning/tensorrt/latest/inference-library/work-with-quantized-types.html,,2026-09-30,高,企业/项目官方发布已实际核读；商业效果仍需独立验证。,2;4,【事实】已读官方量化文档；latest会变化，历史论文环境不得直接替换为当前SDK。
O04,official,Running Inference — OpenVINO 2025 documentation,Intel,2025,2025（版本）,https://docs.openvino.ai/2025/openvino-workflow/running-inference.html,,2026-09-30,高,企业/项目官方发布已实际核读；商业效果仍需独立验证。,2,【事实】核读2025版推理流程；不声称这是2026年最新版本。
O05,official,CMSIS-NN documentation,Arm,动态文档,未标明固定发布日期,https://arm-software.github.io/CMSIS-NN/latest/,,2026-09-30,高,企业/项目官方发布已实际核读；商业效果仍需独立验证。,2;4,【事实】Cortex-M优化神经网络内核；不是完整的模型训练或设备管理平台。
O06,official,"ESP-IDF Over The Air Updates (OTA), ESP32-S3",Espressif,动态文档,访问时stable文档为v6.1,https://docs.espressif.com/projects/esp-idf/en/stable/esp32s3/api-reference/system/ota.html,,2026-09-30,高,企业/项目官方发布已实际核读；商业效果仍需独立验证。,2;4;5,【事实】固件分区、升级和回滚机制；模型文件的额外版本兼容设计需应用自行完成。
O07,official,ESP32-S3 announcement,Espressif,2020,2020-12-31,https://www.espressif.com/en/news/ESP32_S3,,2026-09-30,高,企业/项目官方发布已实际核读；商业效果仍需独立验证。,2,【事实】发布公告与芯片框图已读；作为H01发布时间来源。
O08,official,STM32N6: ST first MCU with Neural-ART Accelerator,STMicroelectronics,2024,2024-12-10,https://blog.st.com/stm32n6/,,2026-09-30,高,企业/项目官方发布已实际核读；商业效果仍需独立验证。,2;6,【厂商宣传口径】官方技术博客；使用600 GOPS，不将加速器效率换算成整芯片典型功耗。
O09,official,NXP i.MX 93 Applications Processor Family announcement,NXP,2021,2021-11-09,https://www.nxp.com/company/about-nxp/newsroom/NW-NXP-I-MX-93-APPLICATIONS-PROCESSOR-FAM,,2026-09-30,高,企业/项目官方发布已实际核读；商业效果仍需独立验证。,2,【事实】核读公告；Ethos-U65 256 MAC/cycle不在未给频率/口径时强行换算TOPS。
O10,official,Introducing Raspberry Pi 5,Raspberry Pi,2023,2023-09-28,https://www.raspberrypi.com/news/introducing-raspberry-pi-5/,,2026-09-30,高,企业/项目官方发布已实际核读；商业效果仍需独立验证。,2,【事实】发布日依据官方新闻，不采用转载的时区日期。
O11,official,XAG P150 agricultural drone — international product page,XAG 极飞,未标明,未标明；访问2026-09-30,https://www.xa.com/en/p150,,2026-09-30,中,企业/项目官方发布已实际核读；商业效果仍需独立验证。,3;4,【厂商宣传口径】国际官网版本；不默认等同中国P150 2024款或P150 Max，缺失型号细节写未公开。
O12,official,LaserWeeder G2 600 — product specifications,Carbon Robotics,未标明,未标明；访问2026-09-30,https://carbonrobotics.com/laserweeder-g2-600,,2026-09-30,中,企业/项目官方发布已实际核读；商业效果仍需独立验证。,3;4,【厂商宣传口径】当前产品页；作业效率和除草率为厂家公开范围，非独立第三方试验。
O13,official,From Farm to Fork: How AI Is Transforming Food Safety,Carbon Robotics & NVIDIA / MultiVu,未标明,未标明；正文引用2026资料,https://www.multivu.com/carbon-robotics/9391051-en-nvidia-and-carbon-robotics-revolutionizing-agriculture-with-ai-and-robotics,,2026-09-30,中,企业/项目官方发布已实际核读；商业效果仍需独立验证。,3,【厂商宣传口径】页面标明Produced for Carbon Robotics & NVIDIA，属于企业委托传播；只使用GPU/软件栈陈述，不采纳健康效果话术。
O14,official,NVIDIA Unveils Its Most Affordable Generative AI Supercomputer,NVIDIA / Chen Su,2024,2024-12-17,https://blogs.nvidia.com/blog/jetson-generative-ai-supercomputer/,,2026-09-30,高,企业/项目官方发布已实际核读；商业效果仍需独立验证。,2;6,【厂商宣传口径】Orin Nano Super发布和67 INT8 TOPS口径；不把发布时价格当2026市场价格。
O15,official,"ESP-IDF FreeRTOS (IDF), ESP32-S3",Espressif,动态文档,访问时stable文档为v6.1,https://docs.espressif.com/projects/esp-idf/en/stable/esp32s3/api-reference/system/freertos_idf.html,,2026-09-30,高,企业/项目官方发布已实际核读；商业效果仍需独立验证。,2;4,【事实】官方RTOS任务调度说明；使用RTOS并不自动证明控制回路满足硬实时截止期。
H01,datasheet,ESP32-S3 official specifications,Espressif,2020,产品页未列日期；发布时间依据见hardware_specs.csv,https://www.espressif.com/en/products/socs/esp32-s3/,,2026-09-30,高,一手发布页面已打开核读；可信度不等于独立复现实验。,2;4,【厂商宣传口径】没有专用NPU标称TOPS不等于算力为0；不能把1.1 MB应用RAM视作芯片片上SRAM。
H02,datasheet,STM32N657 / STM32N6 official specifications,STMicroelectronics,2024,产品页未列日期；发布时间依据见hardware_specs.csv,https://www.st.com.cn/zh/microcontrollers-microprocessors/stm32n657x0.html,,2026-09-30,高,一手发布页面已打开核读；可信度不等于独立复现实验。,2;4,【厂商宣传口径】保留600 GOPS量级，不误写600 TOPS；不据加速器效率倒推出典型整机瓦数。
H03,datasheet,i.MX 93 official specifications,NXP,2021,产品页未列日期；发布时间依据见hardware_specs.csv,https://www.nxp.com/products/i.MX93,,2026-09-30,高,一手发布页面已打开核读；可信度不等于独立复现实验。,2;4,【厂商宣传口径】常见0.5 TOPS未作为本包确认值；未从合作伙伴目录替代原厂datasheet。
H04,datasheet,RK3588 official specifications,Rockchip 瑞芯微,2022（官方页面年份）,产品页未列日期；发布时间依据见hardware_specs.csv,https://www.rock-chips.com/a/en/products/RK35_Series/2022/0926/1660.html,,2026-09-30,高,一手发布页面已打开核读；可信度不等于独立复现实验。,2;4,【厂商宣传口径】不把6 TOPS默认视为稠密INT8值；不将平台适用性写成已验证农业部署。
H05,datasheet,Raspberry Pi 5（以8 GB配置说明） official specifications,Raspberry Pi,2023,产品页未列日期；发布时间依据见hardware_specs.csv,https://www.raspberrypi.com/products/raspberry-pi-5/,,2026-09-30,高,一手发布页面已打开核读；可信度不等于独立复现实验。,2;4,【厂商宣传口径】不把Hailo算力记成Pi 5内置算力；模型运行库以具体论文为准。
H06,datasheet,Hailo-8L official specifications,Hailo,至迟2023（首次发布未核）,产品页未列日期；发布时间依据见hardware_specs.csv,https://hailo.ai/wp-content/uploads/2024/02/hailo8l_product_brief_1.2.pdf,,2026-09-30,高,一手发布页面已打开核读；可信度不等于独立复现实验。,2;4,【厂商宣传口径】不得与26 TOPS的Hailo-8混型号；产品brief为原厂PDF，未下载入包。
H07,datasheet,Jetson Orin Nano Super Developer Kit（8 GB） official specifications,NVIDIA,2024,产品页未列日期；发布时间依据见hardware_specs.csv,https://www.nvidia.com/en-sg/autonomous-machines/embedded-systems/jetson-orin/nano-super-developer-kit/,,2026-09-30,高,一手发布页面已打开核读；可信度不等于独立复现实验。,2;4,【厂商宣传口径】2024 Super是软硬件配置口径；不沿用原始Orin Nano旧功耗与算力混算。
H08,datasheet,Jetson Orin NX 16 GB official specifications,NVIDIA,首次发布年份未在所核datasheet确认,产品页未列日期；发布时间依据见hardware_specs.csv,https://developer.nvidia.com/downloads/jetson-orin-nx-module-series-data-sheet,,2026-09-30,高,一手发布页面已打开核读；可信度不等于独立复现实验。,2;4,【厂商宣传口径】已截图核对datasheet模式表；禁止把157 TOPS与10 W组合得出虚假能效。 官方动态下载入口的文本/截图显示v1.7/v1.6差异，需固定版本；普通/Super数值及16 GB功耗档已核对。
S01,policy,全国智慧农业行动计划（2024—2028年）,农业农村部,2024,2024-10-23（成文）；2024-11-22（网页）,https://www.moa.gov.cn/nybgb/2024/202411/202411/t20241122_6466716.htm,,2026-09-30,高,一手发布页面已打开核读；可信度不等于独立复现实验。,2;5;6,【事实】中国部门政策文件；已读官方全文；不能据此声称所有农机必须部署特定AI芯片。
S02,policy,农业农村部关于大力发展智慧农业的指导意见,农业农村部,2024,2024-10-23（成文）；2024-10-24（印发）,https://www.moa.gov.cn/ztzl/zhnyzxd/zcfg/bmzc/202411/P020241118521358279211.pdf,,2026-09-30,高,一手发布页面已打开核读；可信度不等于独立复现实验。,2;5;6,【事实】官方PDF已打开核读；不打包全文PDF。
S03,standard,"ISO 18497-1:2024 — Agricultural machinery and tractors — Safety of partially automated, semi-autonomous and autonomous machinery — Part 1: Machine design principles and vocabulary",ISO,2024,2024-07,https://www.iso.org/standard/82684.html,,2026-09-30,高,一手发布页面已打开核读；可信度不等于独立复现实验。,2;5;6,【事实】仅核官方标准目录与公开摘要，未购买条文；不作符合性或认证结论。
S04,standard,ISO 25119-1:2018 — Tractors and machinery for agriculture and forestry — Safety-related parts of control systems — Part 1: General principles for design and development,ISO,2018,2018-10；官方页注明2024确认,https://www.iso.org/standard/69025.html,,2026-09-30,高,一手发布页面已打开核读；可信度不等于独立复现实验。,2;5;6,【事实】仅核公开摘要；页面还列修订/增补信息，正式设计须获取适用版本全条文。
S05,standard,ISO 11783-1:2017 — Tractors and machinery for agriculture and forestry — Serial control and communications data network — Part 1: General standard for mobile data communication,ISO,2017,2017-12；官方页注明2023确认,https://www.iso.org/standard/57556.html,,2026-09-30,高,一手发布页面已打开核读；可信度不等于独立复现实验。,2;5;6,【事实】仅核官方目录和摘要，未购买完整标准；不编造具体报文字段和测试阈值。
S06,standard,NISTIR 8259A — IoT Device Cybersecurity Capability Core Baseline,NIST,2020,2020-05,https://nvlpubs.nist.gov/nistpubs/ir/2020/NIST.IR.8259A.pdf,,2026-09-30,高,一手发布页面已打开核读；可信度不等于独立复现实验。,2;5;6,【事实】属于美国机构技术基线，不是中国农业强制标准；官方PDF与关键表已核读/截图。
I01,image,云端CloudCore与边缘EdgeCore等组件的协同体系（P06图1）；非某农业产品实物部署图。,Pengpeng Yu等,2025,2025-10-14,https://www.frontiersin.org/files/Articles/1668545/xml-images/fpls-16-1668545-g001.webp,,2026-09-30,高,图片直链及其原始论文/官方页面均已打开；需按许可使用。,2;4,未下载二进制；页面来源=P06；许可=CC BY（以论文许可段为准）；原图为架构示意，勿写成独立实测系统。
I02,image,智慧农业云—边—端三层协同结构（P06图2）。,Pengpeng Yu等,2025,2025-10-14,https://www.frontiersin.org/files/Articles/1668545/xml-images/fpls-16-1668545-g002.webp,,2026-09-30,高,图片直链及其原始论文/官方页面均已打开；需按许可使用。,2,未下载二进制；页面来源=P06；许可=CC BY（以论文许可段为准）；引用时说明图源；开放许可不免除署名。
I03,image,害虫识别、边缘部署与诱捕系统研究流程（P13图1）；多节点分析包含仿真，不代表已规模化田间部署。,Kunfu Wang等,2026,2026-06（页面日级显示有22/23日差异）,https://www.frontiersin.org/files/Articles/1853368/xml-images/fpls-17-1853368-g001.webp,,2026-09-30,高,图片直链及其原始论文/官方页面均已打开；需按许可使用。,3;4,未下载二进制；页面来源=P13；许可=CC BY（以论文许可段为准）；区分流程图中的研究任务和真实工程状态。
I04,image,水稻害虫诱捕原型实物与硬件连接组合图（P13图2），包含Jetson Xavier NX及ESP32执行单元。,Kunfu Wang等,2026,2026-06（页面日级显示有22/23日差异）,https://www.frontiersin.org/files/Articles/1853368/xml-images/fpls-17-1853368-g002.webp,,2026-09-30,高,图片直链及其原始论文/官方页面均已打开；需按许可使用。,3,未下载二进制；页面来源=P13；许可=CC BY（以论文许可段为准）；上部为论文原型照片，下部为连接示意；非本调研拍摄。
I05,image,花生叶病检测模型的TensorRT构建与端侧部署流程（P10图12）。,Jinti Sun等,2025,2025-11-18,https://www.frontiersin.org/files/Articles/1707501/xml-images/fpls-16-1707501-g012.webp,,2026-09-30,高,图片直链及其原始论文/官方页面均已打开；需按许可使用。,2;3,未下载二进制；页面来源=P10；许可=CC BY（以论文许可段为准）；论文中的第三方商标/产品图权利应额外注意。
I06,image,杂草检测从模型训练到Hailo-8L硬件优化与测评的流程（P14图1）。,Mohamed Abdallah Salem; Ahmed Harb Rabia,2026,2026-05-11,https://www.frontiersin.org/files/Articles/1808404/xml-images/fagro-08-1808404-g001.webp,,2026-09-30,高,图片直链及其原始论文/官方页面均已打开；需按许可使用。,2;4,未下载二进制；页面来源=P14；许可=CC BY（以论文许可段为准）；图内quantization-aware措辞与正文校准流程按原文保留，不自行认定完整训练采用QAT。
I07,image,作物与杂草类别分布及不均衡情况（P14图2）。,Mohamed Abdallah Salem; Ahmed Harb Rabia,2026,2026-05-11,https://www.frontiersin.org/files/Articles/1808404/xml-images/fagro-08-1808404-g002.webp,,2026-09-30,高,图片直链及其原始论文/官方页面均已打开；需按许可使用。,5,未下载二进制；页面来源=P14；许可=CC BY（以论文许可段为准）；这是该数据集分布，不代表真实农田作物/杂草面积占比。
I08,image,番茄感知机器人硬件组成：双目相机、Jetson TX2与移动平台（P11图3）。,Xiaoke Liu等,2025,2025-11-19,https://www.frontiersin.org/files/Articles/1712432/xml-images/fpls-16-1712432-g003.webp,,2026-09-30,高,图片直链及其原始论文/官方页面均已打开；需按许可使用。,3,未下载二进制；页面来源=P11；许可=CC BY（以论文许可段为准）；论文内第三方硬件图片及商标权利保留；不是本调研搭建。
I09,image,TinyLiteNet病虫害设备的数据处理与通知流程（P09图1）。,Jean Pierre Nyakuri等,2025,2025-07-02,https://media.springernature.com/lw685/springer-static/image/art%3A10.1038%2Fs41598-025-06452-5/MediaObjects/41598_2025_6452_Fig1_HTML.png,,2026-09-30,高,图片直链及其原始论文/官方页面均已打开；需按许可使用。,3,未下载二进制；页面来源=P09；许可=CC BY-NC-ND 4.0；非商业且不得改编；保留原图，不裁剪、翻译图中文字或重绘成其衍生图；网络版本分辨率有限。
I10,image,ESP32-S3官方公告中的芯片功能框图。,Espressif,2020,2020-12-31,https://www.espressif.com/sites/default/files/ESP32-S3_0.png,,2026-09-30,中,图片直链及其原始论文/官方页面均已打开；原始出处可靠，但复制许可未公开。,2,未下载二进制；页面来源=O07；许可=未知（官方公告配图，未见独立开放授权）；官方发布不等于公共领域；公开传播前核实复制许可。
I11,image,Raspberry Pi 5官方产品展示图；不代表农业现场安装配置。,Raspberry Pi,2023,产品页未列日期；发布时间依据见hardware_specs.csv,https://assets.raspberrypi.com/static/c671804c05a51efc4e3c2a1bdcbafbcf/e58b5/raspberry-pi-5.png,,2026-09-30,中,图片直链及其原始论文/官方页面均已打开；原始出处可靠，但复制许可未公开。,2,未下载二进制；页面来源=H05；许可=未知（官方产品配图，未见独立开放授权）；官网展示素材，非本调研实拍；不得据图片推断具体内存配置。
I12,image,Carbon Robotics官网展示的LaserWeeder G2 600田间应用场景；非本调研独立拍摄或性能验证。,Carbon Robotics,未标明,未标明；访问2026-09-30,https://images.squarespace-cdn.com/content/v1/606b788e71df0270bd2616de/88830855-f237-47b5-b8fe-bb434cfd8c54/LaserWeeder-G2-600.jpg,,2026-09-30,中,图片直链及其原始论文/官方页面均已打开；原始出处可靠，但复制许可未公开。,3,未下载二进制；页面来源=O12；许可=未知（官方产品配图，未见独立开放授权）；未见图库水印；设备品牌标识不是授权证明，公开传播前需核许可。
