image_id,filename,direct_url,page_url,author_or_org,license,suggested_caption_zh,chapters,source_id,downloaded,verified_in_browser,verification_date,file_size_bytes,notes
I01,IMG01_cloud_edge_stack.webp,https://www.frontiersin.org/files/Articles/1668545/xml-images/fpls-16-1668545-g001.webp,https://www.frontiersin.org/journals/plant-science/articles/10.3389/fpls.2025.1668545/full,Pengpeng Yu等,CC BY（以论文许可段为准）,云端CloudCore与边缘EdgeCore等组件的协同体系（P06图1）；非某农业产品实物部署图。,2;4,P06,no,yes,2026-09-30,,原图为架构示意，勿写成独立实测系统。
I02,IMG02_three_tier_architecture.webp,https://www.frontiersin.org/files/Articles/1668545/xml-images/fpls-16-1668545-g002.webp,https://www.frontiersin.org/journals/plant-science/articles/10.3389/fpls.2025.1668545/full,Pengpeng Yu等,CC BY（以论文许可段为准）,智慧农业云—边—端三层协同结构（P06图2）。,2,P06,no,yes,2026-09-30,,引用时说明图源；开放许可不免除署名。
I03,IMG03_pest_system_workflow.webp,https://www.frontiersin.org/files/Articles/1853368/xml-images/fpls-17-1853368-g001.webp,https://www.frontiersin.org/journals/plant-science/articles/10.3389/fpls.2026.1853368/full,Kunfu Wang等,CC BY（以论文许可段为准）,害虫识别、边缘部署与诱捕系统研究流程（P13图1）；多节点分析包含仿真，不代表已规模化田间部署。,3;4,P13,no,yes,2026-09-30,,区分流程图中的研究任务和真实工程状态。
I04,IMG04_pest_trap_prototype.webp,https://www.frontiersin.org/files/Articles/1853368/xml-images/fpls-17-1853368-g002.webp,https://www.frontiersin.org/journals/plant-science/articles/10.3389/fpls.2026.1853368/full,Kunfu Wang等,CC BY（以论文许可段为准）,水稻害虫诱捕原型实物与硬件连接组合图（P13图2），包含Jetson Xavier NX及ESP32执行单元。,3,P13,no,yes,2026-09-30,,上部为论文原型照片，下部为连接示意；非本调研拍摄。
I05,IMG05_tensorrt_leaf_pipeline.webp,https://www.frontiersin.org/files/Articles/1707501/xml-images/fpls-16-1707501-g012.webp,https://www.frontiersin.org/journals/plant-science/articles/10.3389/fpls.2025.1707501/full,Jinti Sun等,CC BY（以论文许可段为准）,花生叶病检测模型的TensorRT构建与端侧部署流程（P10图12）。,2;3,P10,no,yes,2026-09-30,,论文中的第三方商标/产品图权利应额外注意。
I06,IMG06_hailo_deployment_flow.webp,https://www.frontiersin.org/files/Articles/1808404/xml-images/fagro-08-1808404-g001.webp,https://www.frontiersin.org/journals/agronomy/articles/10.3389/fagro.2026.1808404/full,Mohamed Abdallah Salem; Ahmed Harb Rabia,CC BY（以论文许可段为准）,杂草检测从模型训练到Hailo-8L硬件优化与测评的流程（P14图1）。,2;4,P14,no,yes,2026-09-30,,图内quantization-aware措辞与正文校准流程按原文保留，不自行认定完整训练采用QAT。
I07,IMG07_crop_weed_distribution.webp,https://www.frontiersin.org/files/Articles/1808404/xml-images/fagro-08-1808404-g002.webp,https://www.frontiersin.org/journals/agronomy/articles/10.3389/fagro.2026.1808404/full,Mohamed Abdallah Salem; Ahmed Harb Rabia,CC BY（以论文许可段为准）,作物与杂草类别分布及不均衡情况（P14图2）。,5,P14,no,yes,2026-09-30,,这是该数据集分布，不代表真实农田作物/杂草面积占比。
I08,IMG08_tomato_robot_hardware.webp,https://www.frontiersin.org/files/Articles/1712432/xml-images/fpls-16-1712432-g003.webp,https://www.frontiersin.org/journals/plant-science/articles/10.3389/fpls.2025.1712432/full,Xiaoke Liu等,CC BY（以论文许可段为准）,番茄感知机器人硬件组成：双目相机、Jetson TX2与移动平台（P11图3）。,3,P11,no,yes,2026-09-30,,论文内第三方硬件图片及商标权利保留；不是本调研搭建。
I09,IMG09_tinylitenet_workflow.png,https://media.springernature.com/lw685/springer-static/image/art%3A10.1038%2Fs41598-025-06452-5/MediaObjects/41598_2025_6452_Fig1_HTML.png,https://www.nature.com/articles/s41598-025-06452-5,Jean Pierre Nyakuri等,CC BY-NC-ND 4.0,TinyLiteNet病虫害设备的数据处理与通知流程（P09图1）。,3,P09,no,yes,2026-09-30,,非商业且不得改编；保留原图，不裁剪、翻译图中文字或重绘成其衍生图；网络版本分辨率有限。
I10,IMG10_esp32s3_block_diagram.png,https://www.espressif.com/sites/default/files/ESP32-S3_0.png,https://www.espressif.com/en/news/ESP32_S3,Espressif,未知（官方公告配图，未见独立开放授权）,ESP32-S3官方公告中的芯片功能框图。,2,O07,no,yes,2026-09-30,,官方发布不等于公共领域；公开传播前核实复制许可。
I11,IMG11_raspberry_pi5_product.png,https://assets.raspberrypi.com/static/c671804c05a51efc4e3c2a1bdcbafbcf/e58b5/raspberry-pi-5.png,https://www.raspberrypi.com/products/raspberry-pi-5/,Raspberry Pi,未知（官方产品配图，未见独立开放授权）,Raspberry Pi 5官方产品展示图；不代表农业现场安装配置。,2,H05,no,yes,2026-09-30,,官网展示素材，非本调研实拍；不得据图片推断具体内存配置。
I12,IMG12_laserweeder_field.jpg,https://images.squarespace-cdn.com/content/v1/606b788e71df0270bd2616de/88830855-f237-47b5-b8fe-bb434cfd8c54/LaserWeeder-G2-600.jpg,https://carbonrobotics.com/laserweeder-g2-600,Carbon Robotics,未知（官方产品配图，未见独立开放授权）,Carbon Robotics官网展示的LaserWeeder G2 600田间应用场景；非本调研独立拍摄或性能验证。,3,O12,no,yes,2026-09-30,,未见图库水印；设备品牌标识不是授权证明，公开传播前需核许可。
