data_id,system_id,metric,value,unit,hardware,experimental_setting,measurement_boundary,source_id,source_location,url,date_published,accessed_date,nature,credibility,credibility_reason,recommended_use,limitations
D001,C01,视频处理帧率,14.76,FPS,Jetson AGX（代际未明）,柑橘视频挂果量估测,论文所报视频处理性能,P08,摘要,https://www.smartag.net.cn/CN/10.12133/j.smartag.SA202305004,2023（卷期）；日级日期未另核,2026-09-30,【事实：作者报告】,高,原论文/作者论文页可追溯；下列数值是作者报告而非本调研独立测量。,可引用，必须保留设备未细分说明,不是所有农业视频任务速度
D002,C01,AEP,91.61,%,Jetson AGX（代际未明）,柑橘挂果量,原文AEP口径,P08,摘要,https://www.smartag.net.cn/CN/10.12133/j.smartag.SA202305004,2023（卷期）；日级日期未另核,2026-09-30,【事实：作者报告】,高,原论文/作者论文页可追溯；下列数值是作者报告而非本调研独立测量。,可引用原指标名,不改名为分类准确率或mAP
D003,C01,挂果量R平方,0.9858,R²,Jetson AGX（代际未明）,原文测试,估测与参考结果关系,P08,摘要,https://www.smartag.net.cn/CN/10.12133/j.smartag.SA202305004,2023（卷期）；日级日期未另核,2026-09-30,【事实：作者报告】,高,原论文/作者论文页可追溯；下列数值是作者报告而非本调研独立测量。,可引用,测试集规模和跨季泛化不可自行补充
D004,C02,作业面积效率,0.61–1.21,ha/h,LaserWeeder G2 600,官网标称范围,机械作业效率，非模型吞吐,O12,产品规格,https://carbonrobotics.com/laserweeder-g2-600,未标明；访问2026-09-30,2026-09-30,【厂商宣传口径】,中,企业/项目官方发布已实际核读；商业效果仍需独立验证。,仅作厂商口径示例,官网同时列1.50–3.00 acre/h；条件不完全公开
D005,C02,最高除草效果,99,%,LaserWeeder G2 600,up to,厂商效果口径,O12,产品介绍,https://carbonrobotics.com/laserweeder-g2-600,未标明；访问2026-09-30,2026-09-30,【厂商宣传口径】,中,企业/项目官方发布已实际核读；商业效果仍需独立验证。,禁止写成独立实测或平均值,不同田间环境适用性未独立验证
D006,C02,相机数量,36,个,LaserWeeder G2 600,当前官网配置,产品组成,O12,产品规格,https://carbonrobotics.com/laserweeder-g2-600,未标明；访问2026-09-30,2026-09-30,【厂商宣传口径】,中,企业/项目官方发布已实际核读；商业效果仍需独立验证。,可引用为厂商规格,不推导GPU负载
D007,C03,最高载荷,70,kg,P150国际官网版本,厂家最大参数,无人机载荷，非AI效果,O11,产品规格,https://www.xa.com/en/p150,未标明；访问2026-09-30,2026-09-30,【厂商宣传口径】,中,企业/项目官方发布已实际核读；商业效果仍需独立验证。,可引用并保留型号范围,不等同中国其他年份SKU
D008,C03,最高喷洒流量,30,L/min,P150国际官网版本,厂家最大参数,执行器能力,O11,喷洒系统,https://www.xa.com/en/p150,未标明；访问2026-09-30,2026-09-30,【厂商宣传口径】,中,企业/项目官方发布已实际核读；商业效果仍需独立验证。,可引用为规格,不能转化为实际节药率
D009,C03,雷达探测距离,1.5–100,m,P150国际官网版本,依环境与目标而变,传感器标称范围,O11,感知系统,https://www.xa.com/en/p150,未标明；访问2026-09-30,2026-09-30,【厂商宣传口径】,中,企业/项目官方发布已实际核读；商业效果仍需独立验证。,可引用为厂商范围,不是所有障碍物的保证探测距离
D010,C04,训练/测试平台模型帧率,59.4,FPS,NVIDIA TESLA T4,论文表4模型比较,T4推理吞吐,P13,表4脚注,https://www.frontiersin.org/journals/plant-science/articles/10.3389/fpls.2026.1853368/full,2026-06（页面日级显示有22/23日差异）,2026-09-30,【事实：作者报告】,高,原论文/作者论文页可追溯；下列数值是作者报告而非本调研独立测量。,只用于训练测试平台，不得标成端侧,与Xavier NX的44.5 FPS不同
D011,C04,端侧处理帧率,44.5,FPS,Jetson Xavier NX,原型部署测试,设备端侧性能,P13,原型部署性能段,https://www.frontiersin.org/journals/plant-science/articles/10.3389/fpls.2026.1853368/full,2026-06（页面日级显示有22/23日差异）,2026-09-30,【事实：作者报告】,高,原论文/作者论文页可追溯；下列数值是作者报告而非本调研独立测量。,可引用为作者报告,无统一温度与长时负载对比
D012,C04,采集到执行时延,36.8,ms,Xavier NX + ESP32,原型闭环,论文定义的采集到执行,P13,控制延迟实验,https://www.frontiersin.org/journals/plant-science/articles/10.3389/fpls.2026.1853368/full,2026-06（页面日级显示有22/23日差异）,2026-09-30,【事实：作者报告】,高,原论文/作者论文页可追溯；下列数值是作者报告而非本调研独立测量。,可引用为作者报告,不是p99或最坏情况时延
D013,C04,UART传输时延,4.3,ms,Xavier NX→ESP32,控制测试,通信子阶段,P13,控制延迟分解,https://www.frontiersin.org/journals/plant-science/articles/10.3389/fpls.2026.1853368/full,2026-06（页面日级显示有22/23日差异）,2026-09-30,【事实：作者报告】,高,原论文/作者论文页可追溯；下列数值是作者报告而非本调研独立测量。,可引用子阶段,不与不同阶段的均值相加冒充严格时延预算
D014,C04,控制逻辑与继电器时延,7.6,ms,ESP32执行端,控制测试,子阶段,P13,控制延迟分解,https://www.frontiersin.org/journals/plant-science/articles/10.3389/fpls.2026.1853368/full,2026-06（页面日级显示有22/23日差异）,2026-09-30,【事实：作者报告】,高,原论文/作者论文页可追溯；下列数值是作者报告而非本调研独立测量。,可引用子阶段,未证实硬实时上界
D015,C04,实验室控制成功率,94.7,%,双节点原型,60 min；约150次呈现、142次成功,实验室检测到动作成功率,P13,双节点实验,https://www.frontiersin.org/journals/plant-science/articles/10.3389/fpls.2026.1853368/full,2026-06（页面日级显示有22/23日差异）,2026-09-30,【事实：作者报告】,高,原论文/作者论文页可追溯；下列数值是作者报告而非本调研独立测量。,必须注明实验室和成功定义,不是田间灭虫率
D016,C04,LoRa丢包率,<1.2,%,LoRa节点,500 m视距测试,通信测试,P13,通信评估,https://www.frontiersin.org/journals/plant-science/articles/10.3389/fpls.2026.1853368/full,2026-06（页面日级显示有22/23日差异）,2026-09-30,【事实：作者报告】,高,原论文/作者论文页可追溯；下列数值是作者报告而非本调研独立测量。,可引用原条件,不可外推树林、地形遮挡或更远距离
D017,C05,系统输入功耗,5.4–7.2,W,Raspberry Pi 5 + Hailo-8L,作者报告多次测量,USB输入侧整体系统,P14,功耗测量方法和结果,https://www.frontiersin.org/journals/agronomy/articles/10.3389/fagro.2026.1808404/full,2026-05-11,2026-09-30,【事实：作者报告】,中,原论文/作者论文页可追溯；摘要或指标存在待核实问题，不能视为已复现实验。,可引用为该原型报告,与Hailo-8L典型芯片1.5 W不同边界
D018,C05,论文所称处理时间,<5,ms,Raspberry Pi 5 + Hailo-8L,图像数据集、GStreamer管线,计时从已处理buffer回调开始,P14,2.7.2节及结果段,https://www.frontiersin.org/journals/agronomy/articles/10.3389/fagro.2026.1808404/full,2026-05-11,2026-09-30,【事实：作者报告】,中,原论文/作者论文页可追溯；摘要或指标存在待核实问题，不能视为已复现实验。,待复现，不进入确定性性能排名,推理/NMS在回调前执行，尚不能验证完整推理时间
D019,C06,Standalone LSTM：大豆F1,0.72,F1,Jetson Nano / A100边缘服务器 / 云基线，按方案而异,P15表1，模型/硬件/网络同时改变,论文报告口径；完整能量与通信边界待核,P15,表1,https://www.frontiersin.org/journals/agronomy/articles/10.3389/fagro.2026.1764002/full,2026-03（页面日级显示有30/31日差异）,2026-09-30,【事实：作者报告】,中,原论文/作者论文页可追溯；摘要或指标存在待核实问题，不能视为已复现实验。,仅作作者报告的对比，必须附限制,LoRaWAN载荷与时延、服务器能耗覆盖范围未完成复核
D020,C06,Standalone LSTM：柑橘F1,0.68,F1,Jetson Nano / A100边缘服务器 / 云基线，按方案而异,P15表1，模型/硬件/网络同时改变,论文报告口径；完整能量与通信边界待核,P15,表1,https://www.frontiersin.org/journals/agronomy/articles/10.3389/fagro.2026.1764002/full,2026-03（页面日级显示有30/31日差异）,2026-09-30,【事实：作者报告】,中,原论文/作者论文页可追溯；摘要或指标存在待核实问题，不能视为已复现实验。,仅作作者报告的对比，必须附限制,LoRaWAN载荷与时延、服务器能耗覆盖范围未完成复核
D021,C06,Standalone LSTM：能量/预测,3.2,J/prediction,Jetson Nano / A100边缘服务器 / 云基线，按方案而异,P15表1，模型/硬件/网络同时改变,论文报告口径；完整能量与通信边界待核,P15,表1,https://www.frontiersin.org/journals/agronomy/articles/10.3389/fagro.2026.1764002/full,2026-03（页面日级显示有30/31日差异）,2026-09-30,【事实：作者报告】,中,原论文/作者论文页可追溯；摘要或指标存在待核实问题，不能视为已复现实验。,仅作作者报告的对比，必须附限制,LoRaWAN载荷与时延、服务器能耗覆盖范围未完成复核
D022,C06,Standalone LSTM：端到端时延,120,ms,Jetson Nano / A100边缘服务器 / 云基线，按方案而异,P15表1，模型/硬件/网络同时改变,论文报告口径；完整能量与通信边界待核,P15,表1,https://www.frontiersin.org/journals/agronomy/articles/10.3389/fagro.2026.1764002/full,2026-03（页面日级显示有30/31日差异）,2026-09-30,【事实：作者报告】,中,原论文/作者论文页可追溯；摘要或指标存在待核实问题，不能视为已复现实验。,仅作作者报告的对比，必须附限制,LoRaWAN载荷与时延、服务器能耗覆盖范围未完成复核
D023,C06,Cloud PINN：大豆F1,0.85,F1,Jetson Nano / A100边缘服务器 / 云基线，按方案而异,P15表1，模型/硬件/网络同时改变,论文报告口径；完整能量与通信边界待核,P15,表1,https://www.frontiersin.org/journals/agronomy/articles/10.3389/fagro.2026.1764002/full,2026-03（页面日级显示有30/31日差异）,2026-09-30,【事实：作者报告】,中,原论文/作者论文页可追溯；摘要或指标存在待核实问题，不能视为已复现实验。,仅作作者报告的对比，必须附限制,LoRaWAN载荷与时延、服务器能耗覆盖范围未完成复核
D024,C06,Cloud PINN：柑橘F1,0.79,F1,Jetson Nano / A100边缘服务器 / 云基线，按方案而异,P15表1，模型/硬件/网络同时改变,论文报告口径；完整能量与通信边界待核,P15,表1,https://www.frontiersin.org/journals/agronomy/articles/10.3389/fagro.2026.1764002/full,2026-03（页面日级显示有30/31日差异）,2026-09-30,【事实：作者报告】,中,原论文/作者论文页可追溯；摘要或指标存在待核实问题，不能视为已复现实验。,仅作作者报告的对比，必须附限制,LoRaWAN载荷与时延、服务器能耗覆盖范围未完成复核
D025,C06,Cloud PINN：能量/预测,18.7,J/prediction,Jetson Nano / A100边缘服务器 / 云基线，按方案而异,P15表1，模型/硬件/网络同时改变,论文报告口径；完整能量与通信边界待核,P15,表1,https://www.frontiersin.org/journals/agronomy/articles/10.3389/fagro.2026.1764002/full,2026-03（页面日级显示有30/31日差异）,2026-09-30,【事实：作者报告】,中,原论文/作者论文页可追溯；摘要或指标存在待核实问题，不能视为已复现实验。,仅作作者报告的对比，必须附限制,LoRaWAN载荷与时延、服务器能耗覆盖范围未完成复核
D026,C06,Cloud PINN：端到端时延,980,ms,Jetson Nano / A100边缘服务器 / 云基线，按方案而异,P15表1，模型/硬件/网络同时改变,论文报告口径；完整能量与通信边界待核,P15,表1,https://www.frontiersin.org/journals/agronomy/articles/10.3389/fagro.2026.1764002/full,2026-03（页面日级显示有30/31日差异）,2026-09-30,【事实：作者报告】,中,原论文/作者论文页可追溯；摘要或指标存在待核实问题，不能视为已复现实验。,仅作作者报告的对比，必须附限制,LoRaWAN载荷与时延、服务器能耗覆盖范围未完成复核
D027,C06,Threshold：大豆F1,0.61,F1,Jetson Nano / A100边缘服务器 / 云基线，按方案而异,P15表1，模型/硬件/网络同时改变,论文报告口径；完整能量与通信边界待核,P15,表1,https://www.frontiersin.org/journals/agronomy/articles/10.3389/fagro.2026.1764002/full,2026-03（页面日级显示有30/31日差异）,2026-09-30,【事实：作者报告】,中,原论文/作者论文页可追溯；摘要或指标存在待核实问题，不能视为已复现实验。,仅作作者报告的对比，必须附限制,LoRaWAN载荷与时延、服务器能耗覆盖范围未完成复核
D028,C06,Threshold：柑橘F1,0.55,F1,Jetson Nano / A100边缘服务器 / 云基线，按方案而异,P15表1，模型/硬件/网络同时改变,论文报告口径；完整能量与通信边界待核,P15,表1,https://www.frontiersin.org/journals/agronomy/articles/10.3389/fagro.2026.1764002/full,2026-03（页面日级显示有30/31日差异）,2026-09-30,【事实：作者报告】,中,原论文/作者论文页可追溯；摘要或指标存在待核实问题，不能视为已复现实验。,仅作作者报告的对比，必须附限制,LoRaWAN载荷与时延、服务器能耗覆盖范围未完成复核
D029,C06,Threshold：能量/预测,0.8,J/prediction,Jetson Nano / A100边缘服务器 / 云基线，按方案而异,P15表1，模型/硬件/网络同时改变,论文报告口径；完整能量与通信边界待核,P15,表1,https://www.frontiersin.org/journals/agronomy/articles/10.3389/fagro.2026.1764002/full,2026-03（页面日级显示有30/31日差异）,2026-09-30,【事实：作者报告】,中,原论文/作者论文页可追溯；摘要或指标存在待核实问题，不能视为已复现实验。,仅作作者报告的对比，必须附限制,LoRaWAN载荷与时延、服务器能耗覆盖范围未完成复核
D030,C06,Threshold：端到端时延,50,ms,Jetson Nano / A100边缘服务器 / 云基线，按方案而异,P15表1，模型/硬件/网络同时改变,论文报告口径；完整能量与通信边界待核,P15,表1,https://www.frontiersin.org/journals/agronomy/articles/10.3389/fagro.2026.1764002/full,2026-03（页面日级显示有30/31日差异）,2026-09-30,【事实：作者报告】,中,原论文/作者论文页可追溯；摘要或指标存在待核实问题，不能视为已复现实验。,仅作作者报告的对比，必须附限制,LoRaWAN载荷与时延、服务器能耗覆盖范围未完成复核
D031,C06,Hybrid：大豆F1,0.89±0.02,F1,Jetson Nano / A100边缘服务器 / 云基线，按方案而异,P15表1，模型/硬件/网络同时改变,论文报告口径；完整能量与通信边界待核,P15,表1,https://www.frontiersin.org/journals/agronomy/articles/10.3389/fagro.2026.1764002/full,2026-03（页面日级显示有30/31日差异）,2026-09-30,【事实：作者报告】,中,原论文/作者论文页可追溯；摘要或指标存在待核实问题，不能视为已复现实验。,仅作作者报告的对比，必须附限制,LoRaWAN载荷与时延、服务器能耗覆盖范围未完成复核
D032,C06,Hybrid：柑橘F1,0.83±0.03,F1,Jetson Nano / A100边缘服务器 / 云基线，按方案而异,P15表1，模型/硬件/网络同时改变,论文报告口径；完整能量与通信边界待核,P15,表1,https://www.frontiersin.org/journals/agronomy/articles/10.3389/fagro.2026.1764002/full,2026-03（页面日级显示有30/31日差异）,2026-09-30,【事实：作者报告】,中,原论文/作者论文页可追溯；摘要或指标存在待核实问题，不能视为已复现实验。,仅作作者报告的对比，必须附限制,LoRaWAN载荷与时延、服务器能耗覆盖范围未完成复核
D033,C06,Hybrid：能量/预测,5.1,J/prediction,Jetson Nano / A100边缘服务器 / 云基线，按方案而异,P15表1，模型/硬件/网络同时改变,论文报告口径；完整能量与通信边界待核,P15,表1,https://www.frontiersin.org/journals/agronomy/articles/10.3389/fagro.2026.1764002/full,2026-03（页面日级显示有30/31日差异）,2026-09-30,【事实：作者报告】,中,原论文/作者论文页可追溯；摘要或指标存在待核实问题，不能视为已复现实验。,仅作作者报告的对比，必须附限制,LoRaWAN载荷与时延、服务器能耗覆盖范围未完成复核
D034,C06,Hybrid：端到端时延,210,ms,Jetson Nano / A100边缘服务器 / 云基线，按方案而异,P15表1，模型/硬件/网络同时改变,论文报告口径；完整能量与通信边界待核,P15,表1,https://www.frontiersin.org/journals/agronomy/articles/10.3389/fagro.2026.1764002/full,2026-03（页面日级显示有30/31日差异）,2026-09-30,【事实：作者报告】,中,原论文/作者论文页可追溯；摘要或指标存在待核实问题，不能视为已复现实验。,仅作作者报告的对比，必须附限制,LoRaWAN载荷与时延、服务器能耗覆盖范围未完成复核
D035,P10,FP32：延迟,32.5,ms,Jetson Orin NX,640×640；表9精度方案比较,原表定义；功耗与时延计量边界待核,P10,表9,https://www.frontiersin.org/journals/plant-science/articles/10.3389/fpls.2025.1707501/full,2025-11-18,2026-09-30,【事实：作者报告】,中,原论文/作者论文页可追溯；摘要或指标存在待核实问题，不能视为已复现实验。,可转录原表；不可与跨平台功耗横排,FPS不等于1000/该延迟；需核前后处理、异步与功耗采样范围
D036,P10,FP32：吞吐,15.4,FPS,Jetson Orin NX,640×640；表9精度方案比较,原表定义；功耗与时延计量边界待核,P10,表9,https://www.frontiersin.org/journals/plant-science/articles/10.3389/fpls.2025.1707501/full,2025-11-18,2026-09-30,【事实：作者报告】,中,原论文/作者论文页可追溯；摘要或指标存在待核实问题，不能视为已复现实验。,可转录原表；不可与跨平台功耗横排,FPS不等于1000/该延迟；需核前后处理、异步与功耗采样范围
D037,P10,FP32：GPU内存占用,62.3,%,Jetson Orin NX,640×640；表9精度方案比较,原表定义；功耗与时延计量边界待核,P10,表9,https://www.frontiersin.org/journals/plant-science/articles/10.3389/fpls.2025.1707501/full,2025-11-18,2026-09-30,【事实：作者报告】,中,原论文/作者论文页可追溯；摘要或指标存在待核实问题，不能视为已复现实验。,可转录原表；不可与跨平台功耗横排,FPS不等于1000/该延迟；需核前后处理、异步与功耗采样范围
D038,P10,FP32：功耗,5.2,W,Jetson Orin NX,640×640；表9精度方案比较,原表定义；功耗与时延计量边界待核,P10,表9,https://www.frontiersin.org/journals/plant-science/articles/10.3389/fpls.2025.1707501/full,2025-11-18,2026-09-30,【事实：作者报告】,中,原论文/作者论文页可追溯；摘要或指标存在待核实问题，不能视为已复现实验。,可转录原表；不可与跨平台功耗横排,FPS不等于1000/该延迟；需核前后处理、异步与功耗采样范围
D039,P10,FP32：mAP@0.5,98.1,%,Jetson Orin NX,640×640；表9精度方案比较,原表定义；功耗与时延计量边界待核,P10,表9,https://www.frontiersin.org/journals/plant-science/articles/10.3389/fpls.2025.1707501/full,2025-11-18,2026-09-30,【事实：作者报告】,中,原论文/作者论文页可追溯；摘要或指标存在待核实问题，不能视为已复现实验。,可转录原表；不可与跨平台功耗横排,FPS不等于1000/该延迟；需核前后处理、异步与功耗采样范围
D040,P10,FP16：延迟,19.1,ms,Jetson Orin NX,640×640；表9精度方案比较,原表定义；功耗与时延计量边界待核,P10,表9,https://www.frontiersin.org/journals/plant-science/articles/10.3389/fpls.2025.1707501/full,2025-11-18,2026-09-30,【事实：作者报告】,中,原论文/作者论文页可追溯；摘要或指标存在待核实问题，不能视为已复现实验。,可转录原表；不可与跨平台功耗横排,FPS不等于1000/该延迟；需核前后处理、异步与功耗采样范围
D041,P10,FP16：吞吐,28.2,FPS,Jetson Orin NX,640×640；表9精度方案比较,原表定义；功耗与时延计量边界待核,P10,表9,https://www.frontiersin.org/journals/plant-science/articles/10.3389/fpls.2025.1707501/full,2025-11-18,2026-09-30,【事实：作者报告】,中,原论文/作者论文页可追溯；摘要或指标存在待核实问题，不能视为已复现实验。,可转录原表；不可与跨平台功耗横排,FPS不等于1000/该延迟；需核前后处理、异步与功耗采样范围
D042,P10,FP16：GPU内存占用,52.1,%,Jetson Orin NX,640×640；表9精度方案比较,原表定义；功耗与时延计量边界待核,P10,表9,https://www.frontiersin.org/journals/plant-science/articles/10.3389/fpls.2025.1707501/full,2025-11-18,2026-09-30,【事实：作者报告】,中,原论文/作者论文页可追溯；摘要或指标存在待核实问题，不能视为已复现实验。,可转录原表；不可与跨平台功耗横排,FPS不等于1000/该延迟；需核前后处理、异步与功耗采样范围
D043,P10,FP16：功耗,4.1,W,Jetson Orin NX,640×640；表9精度方案比较,原表定义；功耗与时延计量边界待核,P10,表9,https://www.frontiersin.org/journals/plant-science/articles/10.3389/fpls.2025.1707501/full,2025-11-18,2026-09-30,【事实：作者报告】,中,原论文/作者论文页可追溯；摘要或指标存在待核实问题，不能视为已复现实验。,可转录原表；不可与跨平台功耗横排,FPS不等于1000/该延迟；需核前后处理、异步与功耗采样范围
D044,P10,FP16：mAP@0.5,98.0,%,Jetson Orin NX,640×640；表9精度方案比较,原表定义；功耗与时延计量边界待核,P10,表9,https://www.frontiersin.org/journals/plant-science/articles/10.3389/fpls.2025.1707501/full,2025-11-18,2026-09-30,【事实：作者报告】,中,原论文/作者论文页可追溯；摘要或指标存在待核实问题，不能视为已复现实验。,可转录原表；不可与跨平台功耗横排,FPS不等于1000/该延迟；需核前后处理、异步与功耗采样范围
D045,P10,INT8：延迟,11.8,ms,Jetson Orin NX,640×640；表9精度方案比较,原表定义；功耗与时延计量边界待核,P10,表9,https://www.frontiersin.org/journals/plant-science/articles/10.3389/fpls.2025.1707501/full,2025-11-18,2026-09-30,【事实：作者报告】,中,原论文/作者论文页可追溯；摘要或指标存在待核实问题，不能视为已复现实验。,可转录原表；不可与跨平台功耗横排,FPS不等于1000/该延迟；需核前后处理、异步与功耗采样范围
D046,P10,INT8：吞吐,41.3,FPS,Jetson Orin NX,640×640；表9精度方案比较,原表定义；功耗与时延计量边界待核,P10,表9,https://www.frontiersin.org/journals/plant-science/articles/10.3389/fpls.2025.1707501/full,2025-11-18,2026-09-30,【事实：作者报告】,中,原论文/作者论文页可追溯；摘要或指标存在待核实问题，不能视为已复现实验。,可转录原表；不可与跨平台功耗横排,FPS不等于1000/该延迟；需核前后处理、异步与功耗采样范围
D047,P10,INT8：GPU内存占用,48.6,%,Jetson Orin NX,640×640；表9精度方案比较,原表定义；功耗与时延计量边界待核,P10,表9,https://www.frontiersin.org/journals/plant-science/articles/10.3389/fpls.2025.1707501/full,2025-11-18,2026-09-30,【事实：作者报告】,中,原论文/作者论文页可追溯；摘要或指标存在待核实问题，不能视为已复现实验。,可转录原表；不可与跨平台功耗横排,FPS不等于1000/该延迟；需核前后处理、异步与功耗采样范围
D048,P10,INT8：功耗,3.4,W,Jetson Orin NX,640×640；表9精度方案比较,原表定义；功耗与时延计量边界待核,P10,表9,https://www.frontiersin.org/journals/plant-science/articles/10.3389/fpls.2025.1707501/full,2025-11-18,2026-09-30,【事实：作者报告】,中,原论文/作者论文页可追溯；摘要或指标存在待核实问题，不能视为已复现实验。,可转录原表；不可与跨平台功耗横排,FPS不等于1000/该延迟；需核前后处理、异步与功耗采样范围
D049,P10,INT8：mAP@0.5,97.5,%,Jetson Orin NX,640×640；表9精度方案比较,原表定义；功耗与时延计量边界待核,P10,表9,https://www.frontiersin.org/journals/plant-science/articles/10.3389/fpls.2025.1707501/full,2025-11-18,2026-09-30,【事实：作者报告】,中,原论文/作者论文页可追溯；摘要或指标存在待核实问题，不能视为已复现实验。,可转录原表；不可与跨平台功耗横排,FPS不等于1000/该延迟；需核前后处理、异步与功耗采样范围
D050,P10,FP16另一表格延迟,15.6,ms,Jetson Orin NX,表6,另一实验表口径,P10,表6,https://www.frontiersin.org/journals/plant-science/articles/10.3389/fpls.2025.1707501/full,2025-11-18,2026-09-30,【事实：作者报告】,中,原论文/作者论文页可追溯；摘要或指标存在待核实问题，不能视为已复现实验。,与表9并列保留，不挑选更好值,表9FP16为19.1 ms，两表差异尚未解释
D051,P12,推理时间说法一,500,ms,ESP32-S3,摘要,不明确,P12,摘要,https://link.springer.com/article/10.1007/s43926-025-00257-8,2025-12-09（在线）；2026（卷期）,2026-09-30,【事实：作者报告】,低,原论文/作者论文页可追溯；摘要或指标存在待核实问题，不能视为已复现实验。,存疑，不用于排名,同摘要另称<15 ms
D052,P12,推理时间说法二,<15,ms,ESP32-S3,摘要,不明确,P12,摘要,https://link.springer.com/article/10.1007/s43926-025-00257-8,2025-12-09（在线）；2026（卷期）,2026-09-30,【事实：作者报告】,低,原论文/作者论文页可追溯；摘要或指标存在待核实问题，不能视为已复现实验。,存疑，不用于排名,同摘要另称500 ms
