data_id,metric,value,qualifier,unit,reference_year,statistical_scope,organization,date_published,url,source_id,original_quote,quote_note,historical_or_forecast,nature,credibility,credibility_reason,accessed_date,notes
M01,全球边缘计算支出（2024版预测）,232,,十亿美元,2024,全球；企业与服务提供商；硬件、软件、专业服务和提供式服务；非农业专属,IDC,2024-03-14,https://www.businesswire.com/news/home/20240314632794/en/New-IDC-Spending-Guide-Forecasts-Edge-Computing-Investments-Will-Reach-$232-Billion-in-2024,R01,Worldwide spending on edge computing is expected to be $232 billion in 2024,原文关键句短节录；省略不影响所列数值含义,机构预测,【机构预测】,中,IDC官方新闻稿发布渠道；预测模型与付费明细未公开复核。,2026-09-30,转引自IDC公开新闻稿，未购阅报告；即使访问时间已过2024，也不得改标实际支出。
M02,全球边缘计算支出（2024版对2027的预测）,350,nearly / 接近,十亿美元,2027,全球全行业；口径同M01,IDC,2024-03-14,https://www.businesswire.com/news/home/20240314632794/en/New-IDC-Spending-Guide-Forecasts-Edge-Computing-Investments-Will-Reach-$232-Billion-in-2024,R01,spending will reach nearly $350 billion,原文关键句短节录；省略不影响所列数值含义,机构预测,【机构预测】,中,IDC官方新闻稿发布渠道；预测模型与付费明细未公开复核。,2026-09-30,与M01同一预测版本；近350而非精确350，不能视作智慧农业AI市场。
M03,农作物耕种收综合机械化率,75.64,,%,2024,中国全国农作物耕、种、收综合指标；不是农业AI渗透率,农业农村部,2025-11-20,https://njhs.moa.gov.cn/nyjxhqk/202511/t20251120_6479055.htm,R02,全国农作物耕种收综合机械化率达75.64%,原文关键句短节录；省略不影响所列数值含义,历史统计,【事实】,高,一手发布页面已打开核读；可信度不等于独立复现实验。,2026-09-30,作业机械化包括非AI机械；不推导边缘AI使用比例。
M04,植保无人驾驶航空器拥有量,20.1,,万架,2024,中国全国植保无人驾驶航空器拥有量；非单一品牌、非当年销量,农业农村部,2025-11-20,https://njhs.moa.gov.cn/nyjxhqk/202511/t20251120_6479055.htm,R02,植保无人驾驶航空器拥有量达到20.1万架,原文关键句短节录；省略不影响所列数值含义,历史统计,【事实】,高,一手发布页面已打开核读；可信度不等于独立复现实验。,2026-09-30,不能与DJI全球40万估计在用量相除得到市场份额。
M05,全国农机服务收入,4843.08,,亿元人民币,2024,中国全国农机服务收入；包含非AI服务；不是设备销售额,农业农村部,2025-11-20,https://njhs.moa.gov.cn/nyjxhqk/202511/t20251120_6479055.htm,R02,全国农机服务收入48 43.08亿元,原文关键句短节录；省略不影响所列数值含义,历史统计,【事实】,高,一手发布页面已打开核读；可信度不等于独立复现实验。,2026-09-30,原网页数字内有排版空格；值仅去空格，不改动数量；不是农业AI软件收入。
M06,DJI农业无人机全球估计在用量,400000,,架,2024年末,全球DJI Agriculture无人机；企业估计在用存量，不包含所有品牌,DJI,2025-05-06（网页）；2025-04-30（文中发布活动）,https://www.dji.com/media-center/announcements/dji-agricultural-annual-report-2025,R03,"400,000 DJI Agriculture drones were estimated to be in use globally",原文关键句短节录；省略不影响所列数值含义,历史估计（厂商）,【厂商宣传口径】,中,企业原始公开公告；存量为企业估计，非独立全行业普查。,2026-09-30,转引自企业年度报告公告，不是政府普查；估计口径和设备去重方法未公开。
M07,全国粮食总产量（表1）,71487.6,,万吨,2025,中国31个省区市；全年粮食总产量,国家统计局,2025-12-12,https://www.stats.gov.cn/sj/zxfb/202512/t20251212_1962049.html,R04,全国粮食总产量71488万吨,原文关键句短节录；省略不影响所列数值含义,历史统计,【事实】,高,一手发布页面已打开核读；可信度不等于独立复现实验。,2026-09-30,数值列采用表1的71487.6；原文节录采用正文四舍五入71488，两者不冲突；无AI因果归因。
M08,全国粮食单位面积产量（表1）,5986.8,,公斤/公顷,2025,中国31个省区市；全年粮食单位面积产量,国家统计局,2025-12-12,https://www.stats.gov.cn/sj/zxfb/202512/t20251212_1962049.html,R04,全国粮食单位面积产量5987公斤/公顷,原文关键句短节录；省略不影响所列数值含义,历史统计,【事实】,高,一手发布页面已打开核读；可信度不等于独立复现实验。,2026-09-30,数值列采用表1的5986.8；正文四舍五入为5987，不当作两套统计。
M09,具有互联网接入的农场比例,85,,%,2025,美国农场调查；互联网接入不代表宽带稳定、低时延或端侧AI使用,USDA NASS,2025-08-01,https://www.nass.usda.gov/Publications/Todays_Reports/reports/fmpc0825.pdf,R05,85 percent of farms reported having access to the internet,原文关键句短节录；省略不影响所列数值含义,历史调查统计,【事实】,高,一手发布页面已打开核读；可信度不等于独立复现实验。,2026-09-30,报告公开PDF；不能用接入率推导田间无线覆盖率。
M10,使用精准农业实践的农场比例,22,,%,2025,美国；表格排除阿拉斯加、夏威夷；询问过去12个月GPS、变量施用、无人机等实践,USDA NASS,2025-08-01,https://www.nass.usda.gov/Publications/Todays_Reports/reports/fmpc0825.pdf,R05,United States … 27 … 22,原文关键句短节录；省略不影响所列数值含义,历史调查统计,【事实】,高,一手发布页面已打开核读；可信度不等于独立复现实验。,2026-09-30,印刷第12页表格，2023为27%、2025为22%；此处短引为表格单元格串联，并非原文完整句。没有证据说明下降原因。
M11,农业生产信息化率政策目标,30,以上,%,2026,中国农业生产信息化率；行动计划2026年底目标,农业农村部,2024-10-23（成文）；2024-11-22（网页）,https://www.moa.gov.cn/nybgb/2024/202411/202411/t20241122_6466716.htm,S01,农业生产信息化率达到30%以上,原文关键句短节录；省略不影响所列数值含义,政策目标（非历史实绩）,【事实】,高,一手发布页面已打开核读；可信度不等于独立复现实验。,2026-09-30,事实是文件设定目标，不是证明2026年已达标；也不等同AI渗透率。
M12,农业生产信息化率政策目标,32,以上,%,2028,中国农业生产信息化率；行动计划2028年底目标,农业农村部,2024-10-23（成文）；2024-11-22（网页）,https://www.moa.gov.cn/nybgb/2024/202411/202411/t20241122_6466716.htm,S01,农业生产信息化率达到32%以上,原文关键句短节录；省略不影响所列数值含义,政策目标（非历史实绩）,【事实】,高,一手发布页面已打开核读；可信度不等于独立复现实验。,2026-09-30,单独标注目标线，不与M01/M02市场预测混为同类数据。
